Registration,Aircraft Type,Aircraft Owner,Max Capacity,Usage,MTOW,Winglets,Aircraft Groups
N851GT,74N,5Y,0,CIVILIAN,447700,false,Atlas Air Cargo
YV2953,E90,V0,97,CIVILIAN,43000,false,Conviasa
XAVBZ,32Q,VB,236,CIVILIAN,79200,true,Viva Aerobus
XAVSE,32N,Y4,194,CIVILIAN,79000,false,Volaris
N376UP,763,5X,282,CIVILIAN,187000,false,UPS Cargo
B2091,77F,CA,0,CIVILIAN,766800,false,Air China Cargo
CCDBO,32N,VB,194,CIVILIAN,79000,false,Viva Aerobus
XAVCS,CRJ,SM,50,CIVILIAN,49999,false,TSM Airlines
9HSWC,32A,VB,180,CIVILIAN,64500,true,Viva Aerobus
N680BR,CRJ,SM,50,CIVILIAN,49999,false,TSM Airlines
HP1835,73H,CM,160,CIVILIAN,66400,true,Copa Airlines
XAVUS,32N,Y4,194,CIVILIAN,79000,false,Volaris
HP1990WWP,73K,WH,189,CIVILIAN,66350,false,La Nueva Aerolinea (Copa Airlines Cargo)
XAAMD,73K,AM,189,CIVILIAN,66350,false,Aeromexico Connect
XAVHA,CR2,SM,50,CIVILIAN,20000,false,TSM Airlines
N389UP,763,,282,,187000,false,UPS Cargo
XAVSB,321,Y4,185,CIVILIAN,94000,false,Volaris
XAVSK,32Q,Y4,199,CIVILIAN,213800,false,Volaris
N382UP,76F,5X,0,CIVILIAN,147871,true,UPS Cargo
XAVUJ,32Q,Y4,199,CIVILIAN,213800,false,Volaris
TCJDO,332,TK,0,CIVILIAN,187000,false,Turkish Airlines Cargo
CFLPA,75F,W8,0,CIVILIAN,89800,true,Cargojet Airways
N324UP,76F,5X,0,CIVILIAN,147871,true,UPS Cargo
N479AM,73K,AM,189,CIVILIAN,66350,false,Aeromexico Connect
N343UP,76F,5X,0,CIVILIAN,147871,true,UPS Cargo
B2096,77F,CA,0,CIVILIAN,766800,false,Air China Cargo
N330QT,332,AV,260,CIVILIAN,242000,false,Aerounion Cargo
N328UP,76F,5X,0,CIVILIAN,147871,true,UPS Cargo
LXVCE,74N,CV,0,CIVILIAN,447700,false,Cargolux Airlines International
A7BFS,77F,QR,0,CIVILIAN,260815,false,Qatar Cargo
XASFH,ER4,YQ,44,CIVILIAN,19300,false,TAR
B222W,77F,CZ,0,CIVILIAN,766800,false,China Southern Airlines Cargo
XAVRX,32N,Y4,186,CIVILIAN,67400,false,Volaris
N815SY,73K,SY,168,CIVILIAN,79000,false,Sun Country Airlines
XAACJ,E90,5D,97,CIVILIAN,44000,false,Aeromexico Connect
N313UP,76F,5X,0,CIVILIAN,147871,true,UPS Cargo
XAVMD,32N,VB,194,CIVILIAN,79000,false,Viva Aerobus
N407KZ,74Y,5Y,0,CIVILIAN,910000,false,Atlas Air Cargo
N569CA,744,N8,500,CIVILIAN,396893,false,National Airlines Cargo
A7BTA,77F,QR,0,CIVILIAN,260815,false,Qatar Cargo
XAVGY,734,SM,156,CIVILIAN,69000,false,TSM Airlines
CCCXE,763,M3,282,CIVILIAN,187000,false,Latam Cargo
XAAAC,E90,5D,99,CIVILIAN,44000,false,Aeromexico Connect
HP1840,73H,CM,160,CIVILIAN,66400,true,Copa Airlines
XAACE,E90,5D,99,CIVILIAN,44000,false,Aeromexico Connect
N722GT,77F,5Y,0,CIVILIAN,766800,false,Atlas Air Cargo
XAACC,E90,5D,99,CIVILIAN,44000,false,Aeromexico Connect
CGPAJ,763,W8,282,CIVILIAN,187000,false,Cargolux Airlines International
XAACI,E90,5D,99,CIVILIAN,44000,false,Aeromexico Connect
XAVSC,32Q,Y4,199,CIVILIAN,213800,false,Volaris
XAACK,E90,5D,99,CIVILIAN,44000,false,Aeromexico Connect
HP1718,73H,CM,166,CIVILIAN,66400,true,Copa Airlines
N486MC,74Y,5Y,0,CIVILIAN,910000,false,Atlas Air Cargo
XAACM,E90,5D,99,CIVILIAN,44000,false,Aeromexico Connect
XAJNR,ER4,EU,50,CIVILIAN,19300,false,Eurus Aviation
XAVSR,32Q,Y4,199,CIVILIAN,213800,true,Volaris
XAVDG,320,VB,165,CIVILIAN,78000,false,Viva Aerobus
CCDBL,32N,VB,194,CIVILIAN,79000,false,Viva Aerobus
HP1530CMP,73S,CM,149,CIVILIAN,58600,false,Copa Airlines
B226C,77F,CZ,0,CIVILIAN,766800,false,China Southern Airlines Cargo
N740CK,744,K9,500,CIVILIAN,396893,false,Kalitta Air
XAVCC,321,VB,230,CIVILIAN,75500,true,Viva Aerobus
BLIA,744,CX,500,CIVILIAN,396893,false,Cathay Pacific Cargo
XAVSQ,32N,Y4,186,CIVILIAN,67400,false,Volaris
XADHL,DC9,SM,,CIVILIAN,49895,false,TSM Airlines
N501VL,319,Y4,144,CIVILIAN,62500,false,Volaris
N502VL,319,Y4,144,CIVILIAN,62500,false,Volaris
N709GT,77F,M7,0,CIVILIAN,766800,false,Mas Air Cargo
9HMLV,32A,VB,180,CIVILIAN,64500,true,Viva Aerobus
HI1101,7M8,DM,178,CIVILIAN,69309,false,Arajet
N865FD,77F,FX,0,CIVILIAN,766800,false,Fedex
N464UP,75F,5X,0,CIVILIAN,255000,false,UPS Cargo
XAPNG,SW3,SM,,CIVILIAN,,false,TSM Airlines
XAVXM,32Q,VB,240,CIVILIAN,77300,true,Viva Aerobus
N534LA,763,LA,282,CIVILIAN,187000,false,Latam Cargo
N445MC,74Y,5Y,0,CIVILIAN,910000,false,Atlas Air Cargo
N409MC,74Y,5Y,0,CIVILIAN,910000,false,Atlas Air Cargo
B2028,77F,CZ,0,CIVILIAN,766800,false,China Southern Airlines Cargo
N503VL,319,Y4,144,CIVILIAN,62500,false,Volaris
B2010,77F,CZ,0,CIVILIAN,766800,false,China Southern Airlines Cargo
N504VL,319,Y4,144,CIVILIAN,62500,false,Volaris
N505VL,320,Y4,174,CIVILIAN,66000,false,Volaris
XANFP,ER4,YQ,44,CIVILIAN,19300,false,TAR
N351UP,76F,5X,0,CIVILIAN,147871,true,UPS Cargo
N835US,M80,JU,,CIVILIAN,,false,USA JET
XAVDB,32A,VB,180,CIVILIAN,64500,true,Viva Aerobus
N337QT,332,AV,260,CIVILIAN,242000,false,Aerounion Cargo
XARFG,CNF,ZV,,CIVILIAN,,false,AERUS
N407UP,75F,5X,0,CIVILIAN,255000,false,UPS Cargo
CCDBN,32N,VB,194,CIVILIAN,79000,false,Viva Aerobus
ECNUL,332,PU,260,CIVILIAN,242000,false,Plus Ultra
EIMAF,333,M7,292,CIVILIAN,187000,false,Mas Air Cargo
N766CK,74Y,K4,0,CIVILIAN,910000,false,Kalitta Air
N469UP,75F,5X,0,CIVILIAN,255000,false,UPS Cargo
XAVSG,32N,Y4,186,CIVILIAN,67400,false,Volaris
XAVXA,32Q,VB,240,CIVILIAN,77300,true,Viva Aerobus
N804SY,73K,SY,189,CIVILIAN,66350,false,Sun Country Airlines
XAVRZ,32N,Y4,186,CIVILIAN,67400,false,Volaris
YV2966,E90,V0,97,CIVILIAN,43000,false,Conviasa
N352UP,76F,5X,0,CIVILIAN,147871,true,UPS Cargo
A6EFV,77F,EK,0,CIVILIAN,766800,false,Emirates Cargo
B2437,74Y,Y8,0,CIVILIAN,910000,false,Suparna Airlines
N319CM,76F,M6,0,CIVILIAN,147871,false,Amerijet International Cargo
N368UP,76F,5X,0,CIVILIAN,147871,true,UPS Cargo
9HAMP,32A,VB,180,CIVILIAN,66000,true,Viva Aerobus
N412MC,74Y,5Y,0,CIVILIAN,910000,false,Atlas Air Cargo
N965CE,M83,5V,168,CIVILIAN,63277,false,Everts Air
N229SW,EM2,YA,,,11699,false,Berry Aviation
CFKAJ,75F,W8,0,CIVILIAN,255000,false,Cargojet Airways
N332UP,76F,5X,0,CIVILIAN,147871,true,UPS Cargo
CGUIJ,763,W8,282,CIVILIAN,187000,true,Cargojet Airways
LXICL,74Y,CV,0,CIVILIAN,910000,false,Cargolux Airlines International
LXGCL,744,CV,500,CIVILIAN,396893,false,Cargolux Airlines International
B223T,77F,CA,0,CIVILIAN,766800,false,Air China Cargo
N869FD,77F,FX,0,CIVILIAN,766800,false,Fedex
XASLG,734,E7,156,CIVILIAN,69000,false,Estafeta Cargo
N854GT,74N,5Y,0,CIVILIAN,447700,false,Atlas Air Cargo
XAVFT,73K,SM,189,CIVILIAN,66350,false,TSM Airlines
N374UP,76F,5X,0,CIVILIAN,147871,true,UPS Cargo
N419MC,74Y,5Y,0,CIVILIAN,910000,false,Atlas Air Cargo
N852GT,74Y,5Y,0,CIVILIAN,910000,false,Atlas Air Cargo
9HMLX,32A,VB,180,CIVILIAN,66000,true,Viva Aerobus
N700CK,74Y,K4,0,CIVILIAN,910000,false,Kalitta Air
9HSWM,32A,VB,180,CIVILIAN,64500,true,Viva Aerobus
N461UP,75F,5X,0,CIVILIAN,255000,false,UPS Cargo
N3172,YA,YA,34,CIVILIAN,12927,false,Berry Aviation
N859FD,77F,FX,0,CIVILIAN,766800,false,Fedex
HP1521,73W,CM,126,CIVILIAN,58700,true,Copa Airlines
EIMYY,332,M7,0,CIVILIAN,182000,false,Mas Air Cargo
N431UP,75F,5X,0,CIVILIAN,255000,false,UPS Cargo
B2094,77F,CA,0,CIVILIAN,766800,false,Air China Cargo
N347CM,76X,M6,290,CIVILIAN,134078,false,Amerijet International
N853FD,77F,FX,0,CIVILIAN,766800,false,Fedex
9HSWB,32A,VB,180,CIVILIAN,64500,true,Viva Aerobus
XAVDH,32A,VB,180,CIVILIAN,66000,false,Viva Aerobus
HP1823,73H,CM,160,CIVILIAN,66400,true,Copa Airlines
B222S,77F,CA,0,CIVILIAN,766800,false,Air China Cargo
HP1826,73H,CM,160,CIVILIAN,66400,true,Copa Airlines
9HVDC,333,GH,292,CIVILIAN,18700,false,Galistair infinite aviation
HP1821,73H,CM,160,CIVILIAN,66400,true,Copa Airlines
N433UP,75F,5X,0,CIVILIAN,255000,false,UPS Cargo
N865GT,74N,5Y,0,CIVILIAN,447700,false,Atlas Air Cargo
HP1822,73H,CM,160,CIVILIAN,66400,true,Copa Airlines
ECNZF,359,W2,325,CIVILIAN,280000,false,World to Fly
XAVUM,32Q,Y4,199,CIVILIAN,213800,false,Volaris
N863FD,77F,FX,0,CIVILIAN,766800,false,Fedex
ECNGY,359,E9,325,CIVILIAN,280000,false,Iberojet
XARFF,CNF,ZV,,CIVILIAN,,false,AERUS
HP1728,73H,CM,160,CIVILIAN,66400,true,Copa Airlines
DABYC,748,LH,365,CIVILIAN,447700,false,Lufthansa Cargo
HP1522,73K,WH,0,CIVILIAN,66400,true,La Nueva Aerolinea (Copa Airlines Cargo) Copa Airlines
N344UP,764,5X,250,CIVILIAN,204116,false,UPS Cargo
CGCJN,763,W8,282,CIVILIAN,187000,false,Cargojet Airways
N347UP,76F,5X,0,CIVILIAN,147871,true,UPS Cargo
XAEST,73K,E7,189,CIVILIAN,66350,false,Estafeta Cargo
XAVXW,32Q,VB,199,CIVILIAN,213800,false,Viva Aerobus
YV3535,346,V0,380,CIVILIAN,265000,false,Conviasa
XAUUT,DC9,SM,,CIVILIAN,49895,false,TSM Airlines
HP1834,73H,CM,160,CIVILIAN,66400,true,Copa Airlines
HP1838,73H,CM,160,CIVILIAN,66400,true,Copa Airlines
N459UP,75F,5X,0,CIVILIAN,255000,false,UPS Cargo
XADUR,332,A7,260,CIVILIAN,242000,false,Awesome Cargo
HP1828,73H,CM,160,CIVILIAN,66400,true,Copa Airlines
XAVUG,321,Y4,185,CIVILIAN,94000,false,Volaris
A7BFZ,77F,QR,0,CIVILIAN,260815,false,Qatar Cargo
HP1829,73H,CM,160,CIVILIAN,66400,true,Copa Airlines
B223S,77F,CA,0,CIVILIAN,766800,false,Air China Cargo
CCBDB,76W,XL,274,CIVILIAN,124737,false,Latam Cargo
N338UP,76F,5X,0,CIVILIAN,147871,true,UPS Cargo
A7BFP,77F,QR,0,CIVILIAN,260815,false,Qatar Cargo
XARFA,CNF,ZV,,CIVILIAN,,false,AERUS
N550VL,32N,Y4,194,CIVILIAN,79000,false,Volaris
N892FD,77F,FX,0,CIVILIAN,766800,false,Fedex
A7BFK,77F,QR,0,CIVILIAN,260815,false,Qatar Cargo
XAVXI,32Q,VB,240,CIVILIAN,77300,true,Viva Aerobus
N445UP,75F,5X,0,CIVILIAN,255000,false,UPS Cargo
HP2210DAE,75F,L3,0,CIVILIAN,255000,false,DHL Cargo
N546VL,320,Y4,165,CIVILIAN,78000,false,Volaris
N508KZ,74Y,5Y,0,CIVILIAN,910000,false,Atlas Air Cargo
ETARK,77F,ET,0,CIVILIAN,766800,false,Ethiopian Airlines
N889FD,77F,FX,0,CIVILIAN,766800,false,Fedex
CFMAJ,763,W8,282,CIVILIAN,187000,false,Cargojet Airways
N852FD,77F,FX,0,CIVILIAN,766800,false,Fedex
XAPPP,738,AM,160,CIVILIAN,66360,false,Aeroméxico
EIMAA,332,M7,260,CIVILIAN,182000,false,Mas Air Cargo
N335UP,76F,5X,0,CIVILIAN,147871,true,UPS Cargo
XAEMX,734,E7,156,CIVILIAN,69000,false,Estafeta Cargo
BLPK,320,CX,0,CIVILIAN,78000,false,Cathay Pacific Cargo
XAOCC,738,AM,160,CIVILIAN,66360,false,Aeroméxico
XAEGT,73G,SM,160,CIVILIAN,70080,false,TSM Airlines
N847SY,73H,SY,189,CIVILIAN,80000,true,Sun Country Airlines
XAOCB,738,AM,160,CIVILIAN,66360,false,Aeroméxico
N415UP,753,5X,295,CIVILIAN,273000,false,UPS Cargo
YV645T,73S,5R,149,CIVILIAN,58600,false,Rutaca Airlines
XAVUE,32Q,Y4,199,CIVILIAN,213800,false,Volaris
XAOCA,738,AM,160,CIVILIAN,66360,false,Aeroméxico
DALFG,77F,LH,0,CIVILIAN,766800,false,Lufthansa Cargo
A7BFN,77F,QR,0,CIVILIAN,260815,false,Qatar Cargo
VQBBM,74N,7L,0,CIVILIAN,447700,false,Silk Way West Airlines cargo
XAVUI,32Q,Y4,199,CIVILIAN,213800,false,Volaris
XAVSS,32N,Y4,186,CIVILIAN,67400,false,Volaris
EIMAE,333,GH,292,CIVILIAN,187000,false,Galistair infinite aviation
N408MC,74Y,5Y,0,CIVILIAN,910000,false,Atlas Air Cargo
TCLJO,77F,TK,0,CIVILIAN,260815,false,Turkish Airlines Cargo
A6EWH,77L,EK,300,CIVILIAN,345000,false,Emirates Cargo
HP1377,73W,CM,126,CIVILIAN,58700,true,Copa Airlines
N878FD,77L,FX,300,CIVILIAN,345000,false,Fedex
B2075,77F,CZ,0,CIVILIAN,766800,false,China Southern Airlines Cargo
B20EM,77F,CZ,0,CIVILIAN,766800,false,China Southern Airlines Cargo
XAIVB,ER4,VB,50,CIVILIAN,19300,false,Viva Aerobus
N545VL,32N,Y4,194,CIVILIAN,79000,false,Volaris
N415MC,74Y,5Y,0,CIVILIAN,910000,false,Atlas Air Cargo
N234AX,764,OY,250,CIVILIAN,204116,false,Omni Air Internacional
N475MC,74Y,5Y,0,CIVILIAN,910000,false,Atlas Air Cargo
N839SY,73K,5Y,189,CIVILIAN,66350,false,Atlas Air Cargo
XAVXL,32Q,VB,240,CIVILIAN,77300,true,Viva Aerobus
A7BFH,77F,QR,0,CIVILIAN,260815,false,Qatar Cargo
URCGV,ANF,UKL,0,CIVILIAN,61000,false,Ukraine Air Alliance
XAVUH,32Q,Y4,199,CIVILIAN,213800,false,Volaris
A6EFO,77F,EK,0,CIVILIAN,766800,false,Emirates Cargo
B2225,77F,CA,0,CIVILIAN,766800,false,Air China Cargo
N373UP,76F,5X,0,CIVILIAN,147871,true,UPS Cargo
N472MC,74Y,5Y,0,CIVILIAN,910000,false,Atlas Air Cargo
XAVUB,32Q,Y4,199,CIVILIAN,213800,false,Volaris
HP1939UCG,722,U7,155,CIVILIAN,95100,false,Uniworld Air Cargo
A7BFX,77F,QR,0,CIVILIAN,260815,false,Qatar Cargo
9HMLS,320,VB,165,CIVILIAN,78000,false,Viva Aerobus
N350UP,76F,5X,0,CIVILIAN,147871,true,UPS Cargo
CFCCJ,764,W8,250,CIVILIAN,204116,false,Cargojet Airways
9HAMM,32A,VB,180,CIVILIAN,66000,true,Viva Aerobus
CGUAJ,763,W8,282,CIVILIAN,187000,false,Cargojet Airways
N768CK,74Y,K4,0,CIVILIAN,910000,false,Kalitta Air
LXSCV,74Y,CV,0,CIVILIAN,910000,false,Cargolux Airlines International
N708GT,77F,5Y,0,CIVILIAN,766800,true,Atlas Air Cargo
HP1719,73H,CM,166,CIVILIAN,66400,true,Copa Airlines
N856GT,74N,5Y,0,CIVILIAN,447700,false,Atlas Air Cargo
N420LA,763,LA,282,CIVILIAN,187000,false,Latam Cargo
N311UP,76F,5X,0,CIVILIAN,147871,true,UPS Cargo
N446UP,75F,5X,0,CIVILIAN,255000,false,UPS Cargo
XAVOL,319,Y4,138,CIVILIAN,62500,false,Volaris
N367UP,76F,5X,0,CIVILIAN,147871,true,UPS Cargo
XAVSW,321,Y4,185,CIVILIAN,94000,true,Volaris
LXVCC,74N,CV,0,CIVILIAN,447700,false,Cargolux Airlines International
HP1524,73W,CM,126,CIVILIAN,58700,true,Copa Airlines
XAVOA,319,Y4,144,CIVILIAN,62500,false,Volaris
XAAMV,73K,AM,189,CIVILIAN,66350,false,Aeroméxico
N237CM,76F,M6,0,CIVILIAN,147871,false,Amerijet International Cargo
XAVOB,319,Y4,144,CIVILIAN,62500,false,Volaris
N487MC,74Y,5Y,0,CIVILIAN,910000,false,Atlas Air Cargo
N377UP,76F,5X,0,CIVILIAN,147871,true,UPS Cargo
N843FD,77F,FX,0,CIVILIAN,766800,false,Fedex
XAVXK,32Q,VB,240,CIVILIAN,77300,true,Viva Aerobus
B2080,77F,CZ,0,CIVILIAN,766800,false,China Southern Airlines Cargo
XAVOC,319,Y4,138,CIVILIAN,61000,false,Volaris
N542LA,76W,LA,274,CIVILIAN,124737,false,Latam Cargo
BLJL,74N,CX,0,CIVILIAN,447700,false,Cathay Pacific Cargo
XAVOI,319,Y4,138,CIVILIAN,62500,false,Volaris
XAVOG,319,Y4,144,CIVILIAN,62500,false,Volaris
HP1848,73H,CM,160,CIVILIAN,66400,true,Copa Airlines
N360UP,76F,5X,0,CIVILIAN,147871,true,UPS Cargo
N473MC,744,5Y,500,CIVILIAN,396893,false,Atlas Air Cargo
XAVOH,319,Y4,144,CIVILIAN,62500,false,Volaris
HP1846,73H,CM,160,CIVILIAN,66400,true,Copa Airlines
XAEME,734,E7,156,CIVILIAN,69000,false,Estafeta Cargo
XAIFP,ER4,YQ,50,CIVILIAN,19300,false,TAR
N327UP,76F,5X,0,CIVILIAN,147871,true,UPS Cargo
N496MC,74Y,5Y,0,CIVILIAN,910000,false,Atlas Air Cargo
N380UP,76W,5X,274,CIVILIAN,124737,false,UPS Cargo
HP1825,73H,CM,160,CIVILIAN,66400,true,Copa Airlines
B3245,359,CZ,314,CIVILIAN,207000,true,China Southern Airlines Cargo
HP1525CMP,73S,CM,149,CIVILIAN,58600,false,Copa Airlines
XAVOD,319,Y4,144,CIVILIAN,62500,false,Volaris
XAVOE,319,Y4,144,CIVILIAN,62500,false,Volaris
HP1716,73H,CM,166,CIVILIAN,66400,true,Copa Airlines
XAVUF,32Q,Y4,199,CIVILIAN,213800,false,Volaris
LXNCL,74Y,CV,0,CIVILIAN,910000,false,Cargolux Airlines International
CGCIJ,764,W8,250,CIVILIAN,204116,false,Cargojet Airways
XAVOF,319,Y4,144,CIVILIAN,62500,false,Volaris
HP1830,73H,CM,160,CIVILIAN,66400,true,Copa Airlines
LXVCF,74N,CV,0,CIVILIAN,447700,false,Cargolux Airlines International
N710GT,77W,5Y,400,CIVILIAN,352000,false,Atlas Air Cargo
XAVOQ,319,Y4,144,CIVILIAN,62500,false,Volaris
HP1842,73H,CM,160,CIVILIAN,66400,true,Copa Airlines
A6EFY,77F,EK,0,CIVILIAN,766800,false,Emirates Cargo
9HMLC,32A,VB,180,CIVILIAN,64500,true,Viva Aerobus
XAVXJ,32Q,VB,240,CIVILIAN,77300,true,Viva Aerobus
XAVOM,320,Y4,174,CIVILIAN,66000,false,Volaris
HP1847,73H,CM,160,CIVILIAN,66400,true,Copa Airlines
N334QT,332,6R,260,CIVILIAN,242000,false,Aerounion Cargo
ECOAP,332,G2,260,CIVILIAN,242000,false,GullivAir
N344KD,74Y,KD,0,CIVILIAN,910000,false,Western Global Airlines
XAVDE,32A,VB,180,CIVILIAN,64500,true,Viva Aerobus
HP2310DAE,75F,L3,0,CIVILIAN,255000,false,DHL Cargo
HP1852,7M8,CM,166,CIVILIAN,66400,true,Copa Airlines
DABYT,74N,LH,0,CIVILIAN,447700,false,Lufthansa Cargo
XAVOJ,319,Y4,144,CIVILIAN,62500,false,Volaris
XAVXG,32Q,VB,240,CIVILIAN,77300,true,Viva Aerobus
XAVOK,319,Y4,144,CIVILIAN,62500,false,Volaris
HP1376,73W,CM,126,CIVILIAN,58700,true,Copa Airlines
A7BFV,77F,QR,0,CIVILIAN,260815,false,Qatar Cargo
HP1723,73H,CM,166,CIVILIAN,66400,true,Copa Airlines
XAVOP,319,Y4,144,CIVILIAN,62500,false,Volaris
HP1538,73H,CM,160,CIVILIAN,66400,false,Copa Airlines
N373CM,763,M6,282,CIVILIAN,187000,false,Amerijet International Cargo
XAGGB,73S,E7,149,CIVILIAN,58600,false,Estafeta Cargo
N322UP,76F,5X,0,CIVILIAN,147871,true,UPS Cargo
N303UP,76F,5X,0,CIVILIAN,147871,true,UPS Cargo
9HMLU,32A,VB,180,CIVILIAN,64500,true,Viva Aerobus
N406KZ,74Y,5Y,0,CIVILIAN,910000,false,Atlas Air Cargo
A7BFB,77F,QR,0,CIVILIAN,260815,false,Qatar Cargo
9HSWF,32A,VB,180,CIVILIAN,66000,true,Viva Aerobus
9HAMJ,32A,VB,180,CIVILIAN,64500,true,Viva Aerobus
N702GT,77F,5Y,0,CIVILIAN,766800,false,Atlas Air Cargo
HP1712CMP,738,CM,160,CIVILIAN,70080,false,Copa Airlines
N862GT,74N,5Y,0,CIVILIAN,447700,false,Atlas Air Cargo
N438GT,74Y,5Y,0,CIVILIAN,910000,false,Atlas Air Cargo
HP1525,73W,CM,126,CIVILIAN,58700,true,Copa Airlines
CGVIJ,764,W8,250,CIVILIAN,204116,false,Cargojet Airways
9HMLZ,320,VB,165,CIVILIAN,78000,false,Viva Aerobus
N860FD,77F,FX,0,CIVILIAN,766800,false,Fedex
A7BFT,77F,QR,0,CIVILIAN,260815,false,Qatar Cargo
HP1843,73H,CM,160,CIVILIAN,66400,true,Copa Airlines
N709CK,744,K9,500,CIVILIAN,396893,false,Kalitta Air
XAESF,73S,E7,149,CIVILIAN,58600,false,Estafeta Cargo
9HMLB,32A,VB,180,CIVILIAN,64500,true,Viva Aerobus
LXVCJ,74N,CV,0,CIVILIAN,447700,false,Cargolux Airlines International
9HSWG,32A,VB,180,CIVILIAN,64500,true,Viva Aerobus
HI1027,7M8,DM,178,CIVILIAN,69309,false,Arajet
N307UP,76F,5X,0,CIVILIAN,147871,true,UPS Cargo
N332QT,333,6R,292,CIVILIAN,242000,false,Aerounion Cargo
N522VL,320,Y4,179,CIVILIAN,66000,false,Volaris
XAMKJ,73J,AM,181,CIVILIAN,70987,false,Aeroméxico
N318UP,76F,5X,0,CIVILIAN,147871,true,UPS Cargo
XAYAA,32Q,Y4,199,CIVILIAN,213800,false,Volaris
BLJN,74N,CX,0,CIVILIAN,447700,false,Cathay Pacific Cargo
PRABB,764,M3,250,CIVILIAN,204116,false,ABSA
HP1938UCG,73S,U7,149,CIVILIAN,58600,false,Uniworld Air Cargo
N523VL,320,Y4,179,CIVILIAN,66000,false,Volaris
XAVAI,32A,VB,180,CIVILIAN,64500,true,Viva Aerobus
N891AM,73J,AM,181,CIVILIAN,70987,false,Aeroméxico
N904AR,74Y,GG,0,CIVILIAN,910000,false,Sky Lease Cargo
N525FE,M11,FX,,CIVILIAN,195044,false,Fedex
CFTCA,76Y,AC,299,CIVILIAN,124737,false,Air Canada Cargo
N379UP,76F,5X,0,CIVILIAN,147871,true,UPS Cargo
N524VL,320,Y4,179,CIVILIAN,66000,false,Volaris
XAVAB,320,VB,180,CIVILIAN,73900,false,Viva Aerobus
N115AM,73J,AM,181,CIVILIAN,70987,false,Aeroméxico
N396CM,764,M6,250,CIVILIAN,204116,false,Amerijet International Cargo
N525VL,320,Y4,179,CIVILIAN,66000,false,Volaris
XAVAC,32A,VB,180,CIVILIAN,64500,true,Viva Aerobus
XACCM,73H,AM,166,CIVILIAN,68174,false,Aeroméxico
N471MC,74Y,5Y,0,CIVILIAN,910000,false,Atlas Air Cargo
B2042,77F,CZ,0,CIVILIAN,766800,false,China Southern Airlines Cargo
N526VL,320,Y4,179,CIVILIAN,66000,false,Volaris
XAVAM,32A,VB,180,CIVILIAN,64500,true,Viva Aerobus
N463UP,75F,5X,0,CIVILIAN,255000,false,UPS Cargo
XACCC,73H,AM,166,CIVILIAN,68174,false,Aeroméxico
A7BFM,77F,QR,0,CIVILIAN,260815,false,Qatar Cargo
N429MC,74Y,5Y,0,CIVILIAN,910000,false,Atlas Air Cargo
XANNN,73J,AM,181,CIVILIAN,70987,false,Aeroméxico
XAVAK,32A,VB,186,CIVILIAN,64500,true,Viva Aerobus
N527VL,320,Y4,179,CIVILIAN,66000,false,Volaris
LZONE,332,G2,260,CIVILIAN,242000,false,GullivAir
N529VL,32N,Y4,186,CIVILIAN,67400,false,Volaris
XAVAJ,320,VB,186,CIVILIAN,64500,true,Viva Aerobus
XAEBN,738,AM,160,CIVILIAN,66360,false,Aeroméxico
XAMAG,73H,AM,166,CIVILIAN,68174,false,Aeroméxico
N305UP,76W,5X,0,CIVILIAN,124737,false,UPS Cargo
N329UP,76F,5X,0,CIVILIAN,147871,true,UPS Cargo
XAUXP,DC9,SM,,CIVILIAN,49895,false,TSM Airlines
XAVBY,32Q,VB,240,CIVILIAN,77300,true,Viva Aerobus
N530VL,32N,Y4,186,CIVILIAN,67400,false,Volaris
XAVAN,32A,VB,186,CIVILIAN,64500,true,Viva Aerobus
XAOOO,738,AM,160,CIVILIAN,66360,false,Aeroméxico
XACCO,73H,AM,166,CIVILIAN,68174,false,Aeroméxico
LXVCD,74N,CV,0,CIVILIAN,447700,false,Cargolux Airlines International
N531VL,32N,Y4,186,CIVILIAN,67400,false,Volaris
XAVAO,32A,VB,186,CIVILIAN,64500,true,Viva Aerobus
XAMAO,73H,AM,166,CIVILIAN,68174,false,Aeroméxico
N455UP,75F,5X,0,CIVILIAN,255000,false,UPS Cargo
N532VL,32N,Y4,186,CIVILIAN,67400,false,Volaris
N377AR,738,AM,160,CIVILIAN,65317,false,Aeroméxico
XAMAK,73H,AM,166,CIVILIAN,68174,false,Aeroméxico
N14118,75F,UA,0,CIVILIAN,255000,false,United Airlines
HI1104,73K,DM,189,CIVILIAN,66350,false,Arajet
A7BFG,77F,QR,0,CIVILIAN,260815,false,Qatar Cargo
XAVAA,32A,VB,186,CIVILIAN,64500,true,Viva Aerobus
XACCN,73H,AM,166,CIVILIAN,68174,false,Aeroméxico
ETAVQ,77X,ET,0,CIVILIAN,260800,false,Ethiopian Airlines
N528VL,32N,Y4,186,CIVILIAN,67400,false,Volaris
XAVAE,32A,VB,186,CIVILIAN,64500,true,Viva Aerobus
N320UP,76F,5X,0,CIVILIAN,147871,true,UPS Cargo
N538VL,32N,Y4,186,MILITARY,67400,false,Volaris
XAVAR,32A,VB,186,CIVILIAN,64500,true,Viva Aerobus
PRANW,339,AD,,CIVILIAN,191000,false,Azul
BLID,74Y,CX,0,CIVILIAN,910000,false,Cathay Pacific Cargo
XAMLI,73H,AM,166,CIVILIAN,68174,false,Aeroméxico
HP1823CMP,73K,CM,189,CIVILIAN,66350,false,Copa Airlines
B2072,77F,CZ,0,CIVILIAN,766800,false,China Southern Airlines Cargo
CCCZZ,76F,M3,0,CIVILIAN,147871,false,Latam Cargo
N539VL,32N,Y4,186,CIVILIAN,67400,false,Volaris
XAVAT,32A,VB,186,CIVILIAN,64500,true,Viva Aerobus
N538LA,764,LA,250,CIVILIAN,204116,false,Latam Cargo
XAMAY,73H,AM,166,CIVILIAN,68174,false,Aeroméxico
N542VL,32Q,Y4,230,CIVILIAN,79200,false,Volaris
XAVAU,32A,VB,186,CIVILIAN,64500,true,Viva Aerobus
PRANX,333,AD,292,CIVILIAN,242000,false,Azul
4KSW008,74Y,7L,0,CIVILIAN,910000,false,Silk Way West Airlines
N534VL,32Q,Y4,230,CIVILIAN,79200,false,Volaris
XASSR,73H,AM,166,CIVILIAN,68174,false,Aeroméxico
XAAMS,73K,AM,189,CIVILIAN,66350,false,Aeroméxico
LXVCL,74N,CV,0,CIVILIAN,447700,false,Cargolux Airlines International
XAVAP,32A,VB,186,CIVILIAN,64500,true,Viva Aerobus
XAMAT,73H,AM,166,CIVILIAN,68174,false,Aeroméxico
N370UP,76F,5X,0,CIVILIAN,147871,true,UPS Cargo
N533VL,32N,Y4,186,CIVILIAN,67400,false,Volaris
XAVAQ,32A,VB,186,CIVILIAN,64500,true,Viva Aerobus
XAMAQ,73H,AM,166,CIVILIAN,68174,false,Aeroméxico
HP1712,73H,CM,160,CIVILIAN,66400,true,Copa Airlines
PRANY,333,AD,292,CIVILIAN,242000,false,Azul
N537VL,32Q,Y4,230,CIVILIAN,79200,false,Volaris
N868AM,73H,AM,166,CIVILIAN,68174,false,Aeroméxico
N476MC,74Y,5Y,0,CIVILIAN,910000,false,Atlas Air Cargo
N365UP,76F,5X,0,CIVILIAN,147871,true,UPS Cargo
XAVXR,32Q,VB,240,CIVILIAN,77300,true,Viva Aerobus
N337UP,76F,5X,0,CIVILIAN,147871,true,UPS Cargo
CGCJY,75F,W8,0,CIVILIAN,255000,false,Cargojet Airways
N543VL,32Q,Y4,230,CIVILIAN,79200,false,Volaris
XAAMG,738,AM,160,CIVILIAN,65317,false,Aeroméxico
N110JS,73H,AM,166,CIVILIAN,68174,false,Aeroméxico
N860GT,74N,5Y,0,CIVILIAN,447700,false,Atlas Air Cargo
A7BFY,77F,QR,0,CIVILIAN,260815,false,Qatar Cargo
N457UP,75F,5X,0,CIVILIAN,255000,false,UPS Cargo
BLJB,74N,CX,0,CIVILIAN,447700,false,Cathay Pacific Cargo
N544VL,32N,Y4,186,CIVILIAN,67400,false,Volaris
N306UP,76F,5X,0,CIVILIAN,147871,true,UPS Cargo
N421UP,75F,5X,0,CIVILIAN,255000,false,UPS Cargo
XADAE,73H,AM,172,CIVILIAN,69308,false,Aeroméxico
N361UP,76F,5X,0,CIVILIAN,147871,false,UPS Cargo
CGCJB,75F,W8,0,CIVILIAN,255000,false,Cargojet Airways
XAVVB,320,Y4,165,CIVILIAN,78000,false,Volaris
N453PA,74Y,5Y,0,CIVILIAN,910000,false,Atlas Air Cargo
N535VL,32Q,Y4,230,CIVILIAN,79200,false,Volaris
XAVDM,73W,UJ,134,CIVILIAN,58600,false,Magnicharters
N109JS,73H,AM,166,CIVILIAN,68174,false,Aeroméxico
XAVYF,32A,VB,180,CIVILIAN,64500,true,Viva Aerobus
N536VL,32Q,Y4,230,CIVILIAN,79200,false,Volaris
N105JS,73H,AM,166,CIVILIAN,68174,false,Aeroméxico
HP1533CMP,73K,CM,189,CIVILIAN,66350,false,Copa Airlines
N430GT,747,5Y,366,CIVILIAN,735000,false,Atlas Air Cargo
XAALW,E90,5D,99,CIVILIAN,44000,false,Aeromexico Connect
N767CK,74N,K4,0,CIVILIAN,447700,false,Kalitta Air
N341UP,76F,5X,0,CIVILIAN,147871,true,UPS Cargo
DALFK,77F,LH,0,CIVILIAN,766800,false,Lufthansa Cargo
N537CA,74Y,N8,0,CIVILIAN,910000,false,National Airlines Cargo
XAALY,E90,5D,99,CIVILIAN,44000,false,Aeromexico Connect
N203CM,763,M7,282,CIVILIAN,187000,false,Mas Air Cargo
XAALZ,E90,5D,99,CIVILIAN,44000,false,Aeromexico Connect
BLJF,74N,CX,0,CIVILIAN,447700,false,Cathay Pacific Cargo
A6EFJ,77F,EK,0,CIVILIAN,766800,false,Emirates Cargo
XAAEC,E90,5D,99,CIVILIAN,44000,false,Aeromexico Connect
N532LA,764,LA,250,CIVILIAN,204116,false,Latam Cargo
HP1531,73W,CM,126,CIVILIAN,58700,true,Copa Airlines
DALFJ,77F,LH,0,CIVILIAN,766800,false,Lufthansa Cargo
B2081,77F,CZ,0,CIVILIAN,766800,false,China Southern Airlines Cargo
XAAEE,E90,5D,99,CIVILIAN,44000,false,Aeromexico Connect
B2095,77F,CA,0,CIVILIAN,766800,false,Air China Cargo
XAADC,789,AM,298,CIVILIAN,255000,false,Aeromexico Connect
TCLLZ,789,TK,298,CIVILIAN,255000,false,Turkish Airlines Cargo
DALFA,77F,LH,0,CIVILIAN,766800,false,Lufthansa Cargo
XAAEF,E90,5D,99,CIVILIAN,44000,false,Aeromexico Connect
4KSW888,74Y,7L,0,CIVILIAN,910000,false,Silk Way West Airlines cargo
HP1833,73H,CM,160,CIVILIAN,66400,true,Copa Airlines
N452UP,75F,5X,0,CIVILIAN,255000,false,UPS Cargo
N964AM,788,AM,251,CIVILIAN,228000,false,Aeromexico Connect
HK5319,320,AV,165,CIVILIAN,78000,false,Avianca
XAAEI,E90,5D,99,CIVILIAN,44000,false,Aeromexico Connect
XAVXF,32Q,VB,240,CIVILIAN,77300,true,Viva Aerobus
TCLJN,77F,TK,0,CIVILIAN,260815,false,Turkish Airlines Cargo
N506VL,320,Y4,179,CIVILIAN,66000,false,Volaris
XAAEL,E90,5D,99,CIVILIAN,44000,false,Aeromexico Connect
HCCHU,737,RE,115,CIVILIAN,52390,false,Aeroregional
N345UP,76F,5X,0,CIVILIAN,147871,true,UPS Cargo
N507VL,320,Y4,179,CIVILIAN,66000,false,Volaris
XAAEM,E90,5D,99,CIVILIAN,44000,false,Aeromexico Connect
HP1832,73K,CM,160,CIVILIAN,66400,false,Copa Airlines
N359UP,76F,5X,0,CIVILIAN,147871,true,UPS Cargo
XAEFR,762,6R,274,CIVILIAN,122469.94,false,Aerounion Cargo
N508VL,320,Y4,179,CIVILIAN,66000,false,Volaris
XAAEN,E90,5D,99,CIVILIAN,44000,false,Aeromexico Connect
XAVYE,32A,VB,180,CIVILIAN,64500,true,Viva Aerobus
LXVCK,74N,CV,0,CIVILIAN,447700,false,Cargolux Airlines International
N886FD,77F,FX,0,CIVILIAN,766800,false,Fedex
XAAEH,E90,5D,99,CIVILIAN,44000,false,Aeromexico Connect
N509VL,320,Y4,179,CIVILIAN,66000,false,Volaris
XAAMJ,738,AM,160,CIVILIAN,65317,false,Aeroméxico
N357UP,76F,5X,0,CIVILIAN,147871,true,UPS Cargo
N342UP,76F,5X,0,CIVILIAN,147871,true,UPS Cargo
N510VL,320,Y4,179,CIVILIAN,66000,false,Volaris
XAMJJ,73J,AM,181,CIVILIAN,70987,false,Aeroméxico
HP1727,73H,CM,160,CIVILIAN,66400,true,Copa Airlines
CGCJT,75F,W8,0,CIVILIAN,255000,false,Cargojet Airways
CGDUZ,763,AC,282,CIVILIAN,187000,false,Air Canada Cargo
CGHLV,76W,AC,274,CIVILIAN,124737,false,Air Canada Cargo
XAAEP,E90,5D,99,CIVILIAN,44000,false,Aeromexico Connect
XABBB,73J,AM,181,CIVILIAN,70987,false,Aeroméxico
CFTWJ,73K,WS,189,CIVILIAN,66350,false,west jet
A6EPS,77W,EK,400,CIVILIAN,352000,false,Emirates Cargo
CGIAJ,75F,W8,0,CIVILIAN,255000,false,Cargojet Airways
N511VL,320,Y4,179,CIVILIAN,66000,false,Volaris
YV3533,346,V0,380,CIVILIAN,265000,false,Conviasa
XAJOY,738,AM,160,CIVILIAN,65317,false,Aeroméxico
N512VL,320,Y4,179,CIVILIAN,66000,false,Volaris
XAIMH,73J,AM,181,CIVILIAN,70987,false,Aeroméxico
XAVUD,32Q,Y4,199,CIVILIAN,213800,false,Volaris
XAASM,738,XN,160,CIVILIAN,70080,false,Mexicana
N513VL,320,Y4,179,CIVILIAN,66000,false,Volaris
XAHSB,73J,AM,181,CIVILIAN,70987,false,Aeroméxico
SPMRE,762,TE,274,CIVILIAN,124737,false,Sky Taxi
N330UP,76F,5X,0,CIVILIAN,147871,true,UPS Cargo
XAAEO,E90,5D,99,CIVILIAN,44000,false,Aeromexico Connect
N514VL,320,Y4,179,CIVILIAN,66000,false,Volaris
N517VL,320,Y4,174,CIVILIAN,66000,false,Volaris
XAJGQ,73J,AM,181,CIVILIAN,70987,false,Aeroméxico
N339UP,76F,5X,0,CIVILIAN,147871,true,UPS Cargo
N518VL,320,Y4,179,CIVILIAN,66000,false,Volaris
XAVYA,32A,VB,180,CIVILIAN,64500,true,Viva Aerobus
XAMAZ,73J,AM,183,CIVILIAN,70987,false,Aeroméxico
N314UP,76F,5X,0,CIVILIAN,147871,true,UPS Cargo
N335QT,333,6R,292,CIVILIAN,242000,false,Aerounion Cargo
N519VL,320,Y4,179,CIVILIAN,66000,false,Volaris
XAJSO,73J,AM,181,CIVILIAN,70987,false,Aeroméxico
LXVCG,74N,CV,0,CIVILIAN,447700,false,Cargolux Airlines International
N520VL,320,Y4,179,CIVILIAN,66000,false,Volaris
XAMIJ,73J,AM,181,CIVILIAN,70987,false,Aeroméxico
N884FD,77F,FX,0,CIVILIAN,766800,false,Fedex
ETARJ,77F,ET,0,CIVILIAN,766800,false,Ethiopian Airlines
N521VL,320,Y4,179,CIVILIAN,66000,false,Volaris
XAMFO,73J,AM,181,CIVILIAN,70987,false,Aeroméxico
N366UP,76F,5X,0,CIVILIAN,147871,true,UPS Cargo
N353UP,76F,5X,0,CIVILIAN,147871,true,UPS Cargo
N336UP,76F,5X,0,CIVILIAN,147871,true,UPS Cargo
HP1836,73H,CM,161,CIVILIAN,66400,true,Copa Airlines
XARFC,CNF,ZV,,CIVILIAN,,false,AERUS
XAACN,E90,5D,99,CIVILIAN,44000,false,Aeromexico Connect
CFDIJ,763,W8,282,CIVILIAN,187000,false,Cargojet Airways
XAACS,E90,5D,99,CIVILIAN,44000,false,Aeromexico Connect
XAVXE,32Q,VB,240,CIVILIAN,77300,true,Viva Aerobus
ETAVN,77F,ET,0,CIVILIAN,766800,false,Ethiopian Airlines
XAACT,E90,5D,99,CIVILIAN,44000,false,Aeromexico Connect
LXTCV,74Y,CV,0,CIVILIAN,910000,false,Cargolux Airlines International
N316UP,76F,5X,0,CIVILIAN,147871,true,UPS Cargo
XAVSI,32N,Y4,194,CIVILIAN,79000,false,Volaris
ETAVT,77F,ET,0,CIVILIAN,766800,false,Ethiopian Airlines
HP1717,73H,CM,166,CIVILIAN,66400,true,Copa Airlines
XABAC,E90,5D,97,CIVILIAN,44000,false,Aeromexico Connect
DALFE,77F,LH,0,CIVILIAN,766800,false,Lufthansa Cargo
XACAC,E90,5D,99,CIVILIAN,44000,false,Aeromexico Connect
N767AX,762,GB,274,CIVILIAN,124737,false,ABX Air
XATRQ,CR2,SM,0,CIVILIAN,20000,false,TSM Airlines
CGXHI,76Y,AC,299,CIVILIAN,145149,false,Air Canada Cargo
XADAC,E90,5D,99,CIVILIAN,44000,false,Aeromexico Connect
FGUOB,77F,AF,0,CIVILIAN,766800,false,Air France Cargo
N729CA,74Y,N8,0,CIVILIAN,910000,false,National Airlines Cargo
XAEAC,E90,5D,99,CIVILIAN,44000,false,Aeromexico Connect
XAVUA,32Q,Y4,199,CIVILIAN,213800,false,Volaris
XAFAC,E90,5D,99,CIVILIAN,44000,false,Aeromexico Connect
BLJA,74N,CX,0,CIVILIAN,447700,false,Cathay Pacific Cargo
XAMXB,E95,XN,124,CIVILIAN,45000,false,Mexicana
HP1841,73H,CM,189,CIVILIAN,66400,true,Copa Airlines
XAGAE,E90,5D,99,CIVILIAN,44000,false,Aeromexico Connect
XAGAG,E90,5D,99,CIVILIAN,44000,false,Aeromexico Connect
N301UP,76F,5X,0,CIVILIAN,147871,true,UPS Cargo
A7BFW,77F,QR,0,CIVILIAN,260815,false,Qatar Cargo
XAGAH,E90,5D,99,CIVILIAN,44000,false,Aeromexico Connect
B2041,77F,CZ,0,CIVILIAN,766800,false,China Southern Airlines Cargo
XAVDD,737,UJ,115,CIVILIAN,52390,false,Magnicharters
LXECV,74Y,CV,0,CIVILIAN,910000,false,Cargolux Airlines International
N663CA,74Y,N8,0,CIVILIAN,910000,false,National Airlines Cargo
4KBBH,74N,7L,0,CIVILIAN,447700,false,Silk Way West Airlines
XAGAI,E90,5D,99,CIVILIAN,44000,false,Aeromexico Connect
XAGAK,E90,5D,99,CIVILIAN,44000,false,Aeromexico Connect
CFMIJ,763,W8,282,CIVILIAN,187000,false,Cargojet Airways
XAVRU,32N,Y4,186,CIVILIAN,67400,false,Volaris
XAHAC,E90,5D,99,CIVILIAN,44000,false,Aeromexico Connect
XAAFH,ER4,YQ,44,CIVILIAN,19300,false,TAR
XAIAC,E90,5D,99,CIVILIAN,44000,false,Aeromexico Connect
XAVFM,738,SM,160,CIVILIAN,70080,false,TSM Airlines
A6EFH,77F,EK,0,CIVILIAN,766800,false,Emirates Cargo
BLJC,74Y,CX,0,CIVILIAN,910000,false,Cathay Pacific Cargo
XAJAC,E90,5D,99,CIVILIAN,44000,false,Aeromexico Connect
N128AM,789,AM,298,CIVILIAN,255000,false,Aeromexico Connect
XAVGC,CR2,SM,50,CIVILIAN,20000,false,TSM Airlines
N452PA,74Y,5Y,0,CIVILIAN,910000,false,Atlas Air Cargo
HP1857CMP,73K,CM,189,CIVILIAN,66350,false,Copa Airlines
XAMAC,E90,5D,99,CIVILIAN,44000,false,Aeromexico Connect
N492MC,74Y,5Y,0,CIVILIAN,910000,false,Atlas Air Cargo
N27260,73K,UA,189,CIVILIAN,66350,false,United Airlines
XAGAR,E90,5D,99,CIVILIAN,44000,false,Aeromexico Connect
N358UP,76F,5X,0,CIVILIAN,147871,true,UPS Cargo
GZBKL,789,BA,298,CIVILIAN,255000,false,British Airway
XAGPS,73K,AM,189,CIVILIAN,66350,false,Aeromexico Connect
N456UP,75F,5X,0,CIVILIAN,255000,false,UPS Cargo
XAGAX,E90,5D,99,CIVILIAN,44000,false,Aeromexico Connect
HP1729,73H,CM,160,CIVILIAN,66400,false,Copa Airlines
N308UP,76F,5X,0,CIVILIAN,147871,true,UPS Cargo
XAALL,E90,5D,99,CIVILIAN,44000,false,Aeromexico Connect
CGAJG,763,W8,282,CIVILIAN,187000,false,Cargojet Airways
B2093,77F,CA,0,CIVILIAN,766800,false,Air China Cargo
XAALP,E90,5D,99,CIVILIAN,44000,false,Aeromexico Connect
HP1837,73H,CM,160,CIVILIAN,66400,true,Copa Airlines
N336QT,332,6R,260,CIVILIAN,242000,false,Aerounion Cargo
XAALU,E90,5D,99,CIVILIAN,44000,false,Aeromexico Connect
HI1082,7M8,DM,178,CIVILIAN,69309,false,Arajet
A7BFR,77F,QR,0,CIVILIAN,260815,false,Qatar Cargo
N851FD,77F,FX,0,CIVILIAN,766800,false,Fedex
N541VL,32N,Y4,186,CIVILIAN,67400,false,Volaris
XAVYD,32A,VB,180,CIVILIAN,66000,true,Viva Aerobus
XAVSA,32N,Y4,194,CIVILIAN,79000,false,Volaris
HP1810DAE,75F,L3,0,CIVILIAN,255000,false,DHL Cargo
XAVRV,320,Y4,174,CIVILIAN,66000,false,Volaris
XAVMB,32N,VB,194,CIVILIAN,79000,false,Viva Aerobus
N742CK,74Y,K4,0,CIVILIAN,910000,false,Kalitta Air
N386UP,76Y,5X,299,CIVILIAN,145149,false,UPS Cargo
XAGRS,73K,AM,189,CIVILIAN,66350,false,Aeromexico Connect
CSWFP,333,W2,292,CIVILIAN,21200,false,Rutaca Airlines
A6EFK,77X,EK,0,CIVILIAN,260800,false,Emirates Cargo
N837VA,320,G6,165,CIVILIAN,78000,false,Global X
CFCAE,763,W8,282,CIVILIAN,187000,false,Cargojet Airways
N864GT,748,5Y,365,CIVILIAN,447700,false,Atlas Air Cargo
DALFB,77F,LH,0,CIVILIAN,766800,false,Lufthansa Cargo
N541FL,F20,IF,9,CIVILIAN,12392,false,IFL Group
HP1827,73H,CM,160,CIVILIAN,66400,true,Copa Airlines
HP1850,73H,CM,166,CIVILIAN,66400,true,Copa Airlines
XAVSM,32Q,Y4,199,CIVILIAN,73800,false,Volaris
B2098,77F,CA,0,CIVILIAN,766800,false,Air China Cargo
N309UP,76F,5X,0,CIVILIAN,147871,true,UPS Cargo
XAVUR,32N,Y4,194,CIVILIAN,79000,false,Volaris
YV3507,343,V0,314,CIVILIAN,265000,false,Conviasa
XAVSJ,32N,Y4,186,CIVILIAN,67400,false,Volaris
XAVRY,320,Y4,174,CIVILIAN,66000,false,Volaris
B226G,77F,CZ,0,CIVILIAN,766800,false,China Southern Airlines Cargo
HP1910DAE,75F,L3,0,CIVILIAN,255000,false,DHL Cargo
TCLJL,77F,TK,0,CIVILIAN,260815,false,Turkish Airlines Cargo
BLJE,748,CX,365,CIVILIAN,447700,false,Cathay Pacific Cargo
XAVUW,320,Y4,165,CIVILIAN,78000,false,Volaris
N759AM,73K,AM,189,CIVILIAN,66350,false,Aeromexico Connect
ERBAR,74Y,FP,0,CIVILIAN,910000,false,Fly Pro
HI1103,7M8,DM,178,CIVILIAN,69309,false,Arajet
N663GT,764,5Y,250,CIVILIAN,204116,false,Atlas Air Cargo
B2071,77F,CZ,0,CIVILIAN,766800,false,China Southern Airlines Cargo
N701CK,74Y,K4,0,CIVILIAN,910000,false,Kalitta Air
N838SY,73K,SY,189,CIVILIAN,66350,false,Sun Country Airlines
N431GT,744,5Y,500,CIVILIAN,396893,false,Atlas Air Cargo
DALFH,77F,LH,0,CIVILIAN,766800,false,Lufthansa Cargo
HP1724,73H,CM,166,CIVILIAN,66400,true,Copa Airlines
BLJD,74N,CX,0,CIVILIAN,447700,false,Cathay Pacific Cargo
LXJCV,74Y,CV,0,CIVILIAN,910000,false,Cargolux Airlines International
ETBAB,77F,ET,0,CIVILIAN,766800,false,Ethiopian Airlines
XAADQ,734,SM,156,CIVILIAN,69000,false,TSM Airlines
HCCUH,737,RE,115,CIVILIAN,52390,false,Aeroregional
A7BFU,77F,QR,0,CIVILIAN,260815,false,Qatar Cargo
XAVAV,32A,VB,186,CIVILIAN,64500,true,Viva Aerobus
YV2944,E90,V0,97,CIVILIAN,43000,false,Conviasa
XADHN,789,AM,298,CIVILIAN,255000,false,Aeroméxico
N381UP,76F,5X,0,CIVILIAN,147871,true,UPS Cargo
XAVEZ,CRJ,SM,50,CIVILIAN,49999,false,TSM Airlines
XAVXS,32Q,VB,199,CIVILIAN,213800,false,Viva Aerobus
XAVFL,CRJ,SM,50,CIVILIAN,49999,false,TSM Airlines
N77865,753,UA,295,CIVILIAN,273000,false,United Airlines
CFCJF,75F,W8,0,CIVILIAN,255000,false,Cargojet Airways
N188AM,73K,AM,189,CIVILIAN,66350,false,Aeromexico Connect
N375UP,76F,5X,0,CIVILIAN,147871,true,UPS Cargo
N173AM,73K,AM,189,CIVILIAN,66350,false,Aeromexico Connect
N547VL,32N,Y4,194,CIVILIAN,79000,false,Volaris
N477MC,74Y,5Y,0,CIVILIAN,910000,false,Atlas Air Cargo
XAVSO,320,Y4,165,CIVILIAN,78000,false,Volaris
XAVDP,320,VB,165,CIVILIAN,78000,false,Viva Aerobus
XAEGD,734,SM,156,CIVILIAN,69000,false,TSM Airlines
N383UP,76Y,5X,299,CIVILIAN,145149,false,UPS Cargo
N269CM,763,M6,282,CIVILIAN,187000,false,Amerijet International
HP1730,73H,CM,160,CIVILIAN,66400,false,Copa Airlines
XAVXH,32Q,VB,240,CIVILIAN,77300,true,Viva Aerobus
XASRJ,73K,AM,189,CIVILIAN,66350,false,Aeromexico Connect
XAVCE,733,UJ,146,CIVILIAN,63000,false,Magnicharters
XAVME,32N,VB,194,CIVILIAN,79000,false,Viva Aerobus
9HTJC,738,XR,160,CIVILIAN,70080,true,Corendon
N387UP,763,5X,282,CIVILIAN,187000,false,UPS Cargo
XARFH,CNF,ZV,,CIVILIAN,,false,Eurus Aviation
N705CK,74Y,K4,0,CIVILIAN,910000,false,Kalitta Air
B223G,77F,CZ,0,CIVILIAN,766800,false,China Southern Airlines Cargo
CFCJU,763,W8,282,CIVILIAN,187000,false,Cargojet Airways
N438UP,75F,5X,0,CIVILIAN,255000,false,UPS Cargo
XAVBG,M80,SM,,CIVILIAN,,false,TSM Airlines
B226D,77F,CZ,0,CIVILIAN,766800,false,China Southern Airlines Cargo
N877FD,77F,FX,0,CIVILIAN,766800,false,Fedex
N372UP,76F,5X,0,CIVILIAN,147871,true,UPS Cargo
XAVXU,321,VB,185,CIVILIAN,94000,false,Viva Aerobus
N611RH,SW3,MD,,CIVILIAN,,false,McNeely Charter Services
XAVUC,32Q,Y4,199,CIVILIAN,213800,false,Volaris
N388UP,76Y,5X,299,CIVILIAN,145149,false,UPS Cargo
ETBAC,77F,ET,0,CIVILIAN,766800,false,Ethiopian Airlines
XAVIP,32N,VB,186,CIVILIAN,66300,true,Viva Aerobus
N430UP,75F,5X,0,CIVILIAN,255000,false,UPS Cargo
XAVXC,32Q,VB,240,CIVILIAN,77300,true,Viva Aerobus
N850GT,74N,5Y,0,CIVILIAN,447700,false,Atlas Air Cargo
LVKHQ,73W,AR,134,CIVILIAN,58600,false,Aerolineas Argentinas
N346UP,76F,5X,0,CIVILIAN,147871,true,UPS Cargo
B2097,77F,CA,0,CIVILIAN,766800,false,Air China Cargo
CFCJP,75F,W8,0,CIVILIAN,255000,false,Cargojet Airways
CCBDC,763,VB,282,CIVILIAN,187000,false,Viva Aerobus
CCCXK,76F,UC,0,CIVILIAN,147871,true,Latam Cargo
CFFPA,75F,W8,0,CIVILIAN,255000,false,Cargojet Airways
N895FD,77F,FX,0,CIVILIAN,766800,false,Fedex
N744CK,74Y,K4,0,CIVILIAN,910000,false,Kalitta Air
CGOCJ,764,W8,250,CIVILIAN,204116,false,Cargojet Airways
N297SW,EM2,YA,,CIVILIAN,11699,false,Berry Aviation
N419UP,75F,5X,0,CIVILIAN,255000,false,UPS Cargo
N405KZ,74Y,5Y,0,CIVILIAN,910000,false,Atlas Air Cargo
N855FD,77F,FX,0,CIVILIAN,766800,false,Fedex
HP1520,73W,CM,126,CIVILIAN,58700,true,Copa Airlines
N866FD,77F,FX,0,CIVILIAN,766800,false,Fedex
XAVVA,320,Y4,165,CIVILIAN,78000,false,Volaris
N745CK,74Y,K4,0,CIVILIAN,910000,false,Kalitta Air
BLIE,74Y,CX,0,CIVILIAN,910000,false,Cathay Pacific Cargo
ECNOI,359,W2,325,CIVILIAN,280000,false,World to Fly
N712CK,74Y,K4,0,CIVILIAN,910000,false,Kalitta Air
LXVCB,74N,CV,0,CIVILIAN,447700,false,Cargolux Airlines International
N808SY,737,SY,168,CIVILIAN,52390,false,Sun Country Airlines
XARUV,ER4,EU,44,CIVILIAN,19300,false,Eurus Aviation
TCJDR,333,TK,0,CIVILIAN,187000,false,Turkish Airlines Cargo
9HAMV,32A,VB,180,CIVILIAN,66000,true,Viva Aerobus
TCJDS,333,TK,0,CIVILIAN,187000,false,Turkish Airlines Cargo
VQBVC,74N,7L,0,CIVILIAN,447700,false,Silk Way West Airlines cargo
TCJDP,333,TK,0,CIVILIAN,187000,false,Turkish Airlines Cargo
TCJOO,333,TK,0,CIVILIAN,187000,false,Turkish Airlines Cargo
XAATM,73K,XN,189,CIVILIAN,66350,false,Mexicana
9HAKJ,74Y,SV,0,CIVILIAN,910000,false,Saudi Arabian Airlines Cargo
9HMLQ,320,VB,165,CIVILIAN,78000,false,Viva Aerobus
XATIF,734,SM,156,CIVILIAN,69000,false,TSM Airlines
CFPCJ,764,W8,250,CIVILIAN,204116,false,Cargojet Airways
XAMBR,ER4,YQ,50,CIVILIAN,19300,false,TAR
9HMLR,320,VB,165,CIVILIAN,78000,false,Viva Aerobus
N896FD,77F,FX,0,CIVILIAN,766800,false,Fedex
N761GT,77F,5Y,0,CIVILIAN,766800,false,Atlas Air Cargo
9HAKL,74Y,VB,0,CIVILIAN,910000,false,Viva Aerobus
N465UP,75F,5X,0,CIVILIAN,255000,false,UPS Cargo
TCJOZ,333,TK,0,CIVILIAN,187000,false,Turkish Airlines Cargo
TCJOV,333,TK,0,CIVILIAN,187000,false,Turkish Airlines Cargo
TCJOY,333,TK,0,CIVILIAN,187000,false,Turkish Airlines Cargo
VQBWY,74N,7L,0,CIVILIAN,447700,false,Silk Way West Airlines
CFXCA,764,AC,250,CIVILIAN,204116,false,Air Canada Cargo
ECNBO,359,E9,325,CIVILIAN,280000,false,Iberojet
TCJCI,333,TK,0,CIVILIAN,187000,false,Turkish Airlines Cargo
CFKCJ,75F,W8,0,CIVILIAN,255000,false,Cargojet Airways
TCJOU,333,TK,0,CIVILIAN,187000,false,Turkish Airlines Cargo
N716CK,74Y,K4,0,CIVILIAN,910000,false,Kalitta Air
N850FD,77F,FX,0,CIVILIAN,766800,false,Fedex
B1340,74Y,Y8,0,CIVILIAN,910000,false,Suparna Airlines
XAVBU,321,VB,220,CIVILIAN,77800,true,Viva Aerobus
N410UP,752,5X,172,CIVILIAN,95254,false,UPS Cargo
9HGKJ,320,VB,165,CIVILIAN,78000,false,Viva Aerobus
XAAWM,73K,XN,189,CIVILIAN,66350,false,Mexicana
HP1378,73W,CM,126,CIVILIAN,58700,true,Copa Airlines
XAVVC,320,Y4,165,CIVILIAN,78000,false,Volaris
XAVXT,321,VB,185,CIVILIAN,94000,false,Viva Aerobus
XAVXN,32Q,VB,240,CIVILIAN,77300,true,Viva Aerobus
N416MC,744,5Y,500,CIVILIAN,396893,false,Atlas Air Cargo
N378UP,76F,5X,0,CIVILIAN,147871,true,UPS Cargo
CGAJU,75F,W8,0,CIVILIAN,255000,false,Cargojet Airways
N891FD,77F,FX,0,CIVILIAN,766800,false,Fedex
N708CK,74N,K4,0,CIVILIAN,447700,false,Kalitta Air
N493MC,74Y,5Y,0,CIVILIAN,910000,false,Atlas Air Cargo
A7BTB,77F,QR,0,CIVILIAN,260815,false,Qatar Cargo
N338QT,333,6R,292,CIVILIAN,242000,false,Aerounion Cargo
XAVSX,32Q,Y4,199,CIVILIAN,213800,false,Volaris
N424UP,75F,5X,0,CIVILIAN,255000,false,UPS Cargo
CFGKJ,75F,W8,0,CIVILIAN,255000,false,Cargojet Airways
N903AR,74Y,GG,0,CIVILIAN,910000,false,Sky Lease Cargo
XAVSL,32Q,Y4,199,CIVILIAN,213800,false,Volaris
N857FD,77F,FX,0,CIVILIAN,766800,false,Fedex
N485MC,74Y,5Y,0,CIVILIAN,910000,false,Atlas Air Cargo
N842FD,77F,FX,0,CIVILIAN,766800,false,Fedex
CFACJ,75F,W8,0,CIVILIAN,255000,false,Cargojet Airways
N883FD,77F,FX,0,CIVILIAN,766800,false,Fedex
9HAMU,320,VB,165,CIVILIAN,78000,false,Viva Aerobus
XAVUP,320,Y4,165,CIVILIAN,78000,false,Volaris
N368AR,73K,AM,189,CIVILIAN,66350,false,Aeromexico Connect
N413UP,752,5X,172,CIVILIAN,95254,false,UPS Cargo
N312UP,76F,5X,0,CIVILIAN,147871,true,UPS Cargo
9HAMI,32A,VB,180,CIVILIAN,64500,true,Viva Aerobus
N285AM,7M8,AM,178,CIVILIAN,69309,false,Aeromexico Connect
N310UP,76F,5X,0,CIVILIAN,147871,true,UPS Cargo
A6EFW,77F,EK,0,CIVILIAN,766800,false,Emirates Cargo
N302UP,763,5X,282,CIVILIAN,187000,false,UPS Cargo
N705KW,763,2D,282,CIVILIAN,187000,false,Eastern Air Lines
9HMLY,32A,VB,180,CIVILIAN,64500,true,Viva Aerobus
N356UP,76F,5X,0,CIVILIAN,147871,true,UPS Cargo
HP1539,73H,CM,161,CIVILIAN,66400,true,Copa Airlines
EIMAE,333,M7,292,CIVILIAN,242000,false,Galistair infinite aviation
N756CA,74Y,N8,0,CIVILIAN,910000,false,National Airlines Cargo
N782CK,74Y,K4,0,CIVILIAN,910000,false,Kalitta Air
N489MC,74Y,5Y,0,CIVILIAN,910000,false,Atlas Air Cargo
TCLJM,77F,TK,0,CIVILIAN,260815,false,Turkish Airlines Cargo
N451UP,75F,5X,0,CIVILIAN,255000,false,UPS Cargo
CGVAJ,75F,W8,0,CIVILIAN,255000,false,Cargojet Airways
N760GT,77F,5Y,0,CIVILIAN,766800,false,Atlas Air Cargo
N707CK,74Y,K4,0,CIVILIAN,910000,false,Kalitta Air
N331UP,76F,5X,0,CIVILIAN,147871,true,UPS Cargo
N952CA,744,N8,500,CIVILIAN,396893,true,National Airlines Cargo
CGHLU,763,AC,0,CIVILIAN,187000,false,Air Canada Cargo
N470UP,75F,5X,0,CIVILIAN,255000,false,UPS Cargo
ECOAQ,333,G2,292,CIVILIAN,242000,false,Plus Ultra
XAARU,332,A7,260,CIVILIAN,180000,true,Awesome Cargo
N854FD,77F,FX,0,CIVILIAN,766800,false,Fedex
CFHCJ,762,W8,274,CIVILIAN,124737,false,Cargojet Airways
A6EFN,77F,EK,0,CIVILIAN,766800,false,Emirates Cargo
N355UP,76F,5X,0,CIVILIAN,147871,true,UPS Cargo
CGTCJ,75F,W8,0,CIVILIAN,255000,false,Cargojet Airways
N741CK,74N,K4,0,CIVILIAN,447700,false,Kalitta Air
9HSWI,32A,VB,180,CIVILIAN,64500,true,Viva Aerobus
N706CK,744,K4,500,CIVILIAN,396893,false,Kalitta Air
XAVDF,320,VB,165,CIVILIAN,78000,false,Viva Aerobus
N450PA,74Y,5Y,0,CIVILIAN,910000,false,Atlas Air Cargo
N858FD,77F,FX,0,CIVILIAN,766800,false,Fedex
N378CX,764,M6,250,CIVILIAN,204116,false,Amerijet International Cargo
N862FD,77F,FX,0,CIVILIAN,766800,false,Fedex
N894FD,77F,FX,0,CIVILIAN,766800,false,Fedex
XAVSH,32N,Y4,186,CIVILIAN,67400,false,Volaris
LXOCV,74Y,CV,0,CIVILIAN,910000,false,Cargolux Airlines International
XAMXA,E95,XN,124,CIVILIAN,45000,false,Mexicana
N702CA,74Y,N8,0,CIVILIAN,910000,false,National Airlines Cargo
CFAWJ,73K,WS,189,CIVILIAN,66350,false,west jet
N454PA,74Y,5Y,0,CIVILIAN,910000,false,Atlas Air Cargo
N820CK,F20,K4,9,CIVILIAN,12392,false,Kalitta Air
XAVXV,32Q,VB,199,CIVILIAN,213800,false,Viva Aerobus
XAVLZ,321,Y4,230,CIVILIAN,77800,false,Volaris
DALFL,77F,LH,0,CIVILIAN,766800,false,Lufthansa Cargo
XAVRB,321,Y4,230,CIVILIAN,77800,false,Volaris
N462UP,75F,5X,0,CIVILIAN,255000,false,UPS Cargo
N315UP,76F,5X,0,CIVILIAN,147871,true,UPS Cargo
N707GT,77F,5Y,0,CIVILIAN,766800,false,Atlas Air Cargo
XAVRC,321,Y4,230,CIVILIAN,77800,false,Volaris
HP1533,73H,CM,160,CIVILIAN,66400,true,Copa Airlines
XAVST,32Q,Y4,199,CIVILIAN,213800,false,Volaris
XAVXP,32Q,VB,240,CIVILIAN,77300,true,Viva Aerobus
N498MC,74Y,5Y,0,CIVILIAN,910000,false,Atlas Air Cargo
PRACO,763,M3,282,CIVILIAN,187000,false,Latam Cargo
URCNT,ANF,UKL,0,CIVILIAN,61000,false,Ukraine Air Alliance
XAVIY,32N,VB,186,CIVILIAN,66300,true,Viva Aerobus
B2092,77F,CA,0,CIVILIAN,766800,false,Air China Cargo
N467UP,75F,5X,0,CIVILIAN,255000,false,UPS Cargo
XASRI,73K,AM,189,CIVILIAN,66350,false,Aeromexico Connect
N281GX,320,G6,165,CIVILIAN,78000,false,Global X
YV3071,E90,V0,97,CIVILIAN,43000,false,Conviasa
ETAPS,77F,ET,0,CIVILIAN,766800,false,Ethiopian Airlines
XAVXQ,32Q,VB,199,CIVILIAN,213800,false,Viva Aerobus
LXVCM,74N,CV,0,CIVILIAN,447700,false,Cargolux Airlines International
A7BFQ,77F,QR,0,CIVILIAN,260815,false,Qatar Cargo
VQBVB,74N,7L,0,CIVILIAN,447700,false,Silk Way West Airlines
XAAMU,73S,AM,149,CIVILIAN,58600,false,Aeroméxico
A6EFX,77F,EK,0,CIVILIAN,766800,false,Emirates Cargo
N348UP,76F,5X,0,CIVILIAN,147871,true,UPS Cargo
N712GT,77F,5Y,0,CIVILIAN,766800,false,Atlas Air Cargo
HK5370,737,6N,115,CIVILIAN,52390,false,Aerosucre
CGXAJ,763,W8,282,CIVILIAN,187000,false,Cargojet Airways
CFCPD,763,W8,282,CIVILIAN,187000,false,Cargojet Airways
N849SY,73S,SY,149,CIVILIAN,58600,false,Sun Country Airlines
9HGKK,320,VB,165,CIVILIAN,78000,false,Viva Aerobus
N323UP,76F,5X,0,CIVILIAN,147871,true,UPS Cargo
LXVCN,74N,CV,0,CIVILIAN,447700,false,Cargolux Airlines International
HP1530,73W,CM,126,CIVILIAN,58700,true,Copa Airlines
N408UP,75F,5X,0,CIVILIAN,255000,false,UPS Cargo
HP1839,73H,CM,160,CIVILIAN,66400,true,Copa Airlines
N317UP,76F,5X,0,CIVILIAN,147871,true,UPS Cargo
A6EFS,77F,EK,0,CIVILIAN,766800,false,Emirates Cargo
XAVVD,320,Y4,165,CIVILIAN,78000,false,Volaris
9HMLP,320,VB,165,CIVILIAN,78000,false,Viva Aerobus
N552VL,32N,Y4,194,CIVILIAN,79000,false,Volaris
A7BFL,77F,QR,0,CIVILIAN,260815,false,Qatar Cargo
XAVSP,32N,Y4,186,CIVILIAN,67400,false,Volaris
XAUPS,DC9,SM,,CIVILIAN,49895,false,TSM Airlines
N856FD,77F,FX,0,CIVILIAN,766800,false,Fedex
HI1081,7M8,DM,189,CIVILIAN,69309,false,Arajet
N363CM,763,M7,282,CIVILIAN,187000,false,Mas Air Cargo
N451PA,74Y,5Y,0,CIVILIAN,910000,false,Atlas Air Cargo
N325UP,76F,5X,0,CIVILIAN,147871,true,UPS Cargo
XAVYB,32A,VB,180,CIVILIAN,64500,true,Viva Aerobus
XALRC,762,6R,274,CIVILIAN,124737,false,Aerounion Cargo
XAVRH,32N,Y4,186,CIVILIAN,67400,false,Volaris
N418LA,76F,LA,0,CIVILIAN,147871,false,Latam Cargo
XAVRJ,32N,Y4,186,CIVILIAN,67400,false,Volaris
XAVGB,73K,SM,189,CIVILIAN,66350,false,TSM Airlines
N997AM,73S,AM,124,CIVILIAN,58059,false,Aeroméxico
B20EN,77F,CZ,0,CIVILIAN,766800,false,China Southern Airlines Cargo
9HAMH,32A,VB,180,CIVILIAN,66000,false,Viva Aerobus
XAVRK,32N,Y4,186,CIVILIAN,67400,false,Volaris
N595FE,M11,FX,,CIVILIAN,195044,false,Fedex
N788XA,73S,AM,124,CIVILIAN,58059,false,Aeroméxico
A6EFT,77F,EK,0,CIVILIAN,766800,false,Emirates Cargo
CFGAJ,762,W8,274,CIVILIAN,124737,false,Cargojet Airways
XAVFQ,CRJ,SM,50,CIVILIAN,49999,false,TSM Airlines
XAVRL,32N,Y4,186,CIVILIAN,67400,false,Volaris
4KSW800,74Y,7L,0,CIVILIAN,910000,false,Silk Way West Airlines cargo
HP1720,73H,CM,166,CIVILIAN,66400,true,Copa Airlines
XAVRN,32N,Y4,186,CIVILIAN,67400,false,Volaris
XAVXD,32Q,VB,240,CIVILIAN,77300,true,Viva Aerobus
ETARI,77F,ET,0,CIVILIAN,766800,false,Ethiopian Airlines
HP1526,73H,CM,160,CIVILIAN,66400,true,Copa Airlines
XAVUL,32Q,Y4,220,CIVILIAN,77800,false,Volaris
XAVCP,SW3,PQ,,CIVILIAN,5681,false,Paquetes y Personas del Aire
N784XA,73S,AM,124,CIVILIAN,58059,false,Aeroméxico
9HSWJ,32A,VB,180,CIVILIAN,64500,true,Viva Aerobus
CGXHM,76Y,AC,299,CIVILIAN,145149,false,Air Canada Cargo
XAVRI,32N,Y4,186,CIVILIAN,67400,false,Volaris
N354UP,76F,5X,0,CIVILIAN,147871,true,UPS Cargo
N428UP,75F,5X,0,CIVILIAN,255000,false,UPS Cargo
N349CM,76F,M6,0,CIVILIAN,147871,false,Amerijet International Cargo
HI1098,73K,DM,189,CIVILIAN,66350,false,Copa Airlines
XAVRP,32N,Y4,186,CIVILIAN,67400,false,Volaris
XAVCN,73W,UJ,134,CIVILIAN,58600,false,Magnicharters
N425UP,75F,5X,0,CIVILIAN,255000,false,UPS Cargo
N331QT,332,6R,260,CIVILIAN,242000,false,Aerounion Cargo
CFLAJ,75F,W8,0,CIVILIAN,255000,false,Cargojet Airways
LXVCA,74N,CV,0,CIVILIAN,447700,false,Cargolux Airlines International
XAVRQ,32N,Y4,186,CIVILIAN,67400,false,Volaris
XAVCI,733,UJ,146,CIVILIAN,63000,false,Magnicharters
XAAMO,73K,AM,160,CIVILIAN,65317,false,Aeroméxico
CFGSJ,763,W8,282,CIVILIAN,187000,false,Cargojet Airways
XAVFJ,734,SM,156,CIVILIAN,69000,false,TSM Airlines
XAVRR,32N,Y4,186,CIVILIAN,67400,false,Volaris
HI1099,7M8,DM,178,CIVILIAN,69309,false,Arajet
XAVRS,32N,Y4,186,CIVILIAN,67400,false,Volaris
N319UP,76F,5X,0,CIVILIAN,147871,true,UPS Cargo
HP1845,73H,CM,160,CIVILIAN,66400,true,Copa Airlines
XAVSV,320,Y4,186,CIVILIAN,67400,false,Volaris
XAVRO,32N,Y4,186,CIVILIAN,67400,false,Volaris
HP1824,738,CM,160,CIVILIAN,66400,false,Copa Airlines
XAVLH,321,Y4,230,CIVILIAN,77800,false,Volaris
N2699Y,SW3,SM,,CIVILIAN,,false,TSM Airlines
BLJH,748,CX,365,CIVILIAN,447700,false,Cathay Pacific Cargo
XALRL,332,A7,260,CIVILIAN,242000,false,Awesome Cargo
ETBAA,77F,ET,0,CIVILIAN,766800,false,Ethiopian Airlines
XAVLI,321,Y4,230,CIVILIAN,77800,false,Volaris
N499MC,74Y,5Y,0,CIVILIAN,910000,false,Atlas Air Cargo
TCLJS,77F,TK,0,CIVILIAN,260815,false,Turkish Airlines Cargo
N936CA,74Y,N8,0,CIVILIAN,910000,true,National Airlines Cargo
LXVCH,74N,CV,0,CIVILIAN,447700,false,Cargolux Airlines International
XAVLT,321,Y4,230,CIVILIAN,77800,false,Volaris
XAVUK,32Q,Y4,199,CIVILIAN,213800,false,Volaris
N832SY,73K,SY,189,CIVILIAN,66350,false,Sun Country Airlines
N548VL,32N,Y4,194,CIVILIAN,79000,false,Volaris
XAVRT,32N,Y4,186,CIVILIAN,67400,false,Volaris
N468UP,75F,5X,0,CIVILIAN,255000,false,UPS Cargo
A6EFU,77X,EK,0,CIVILIAN,260800,false,Emirates Cargo
LXCCH,74N,CV,0,CIVILIAN,447700,false,Cargolux Airlines International
XAVRW,32N,Y4,186,CIVILIAN,67400,false,Volaris
DALFC,77F,LH,0,CIVILIAN,766800,false,Lufthansa Cargo
YV3545,346,V0,380,CIVILIAN,840000,false,Conviasa
N371UP,76F,5X,0,CIVILIAN,147871,true,UPS Cargo
XAVLV,321,Y4,230,CIVILIAN,77800,false,Volaris
N818NH,75F,M6,0,CIVILIAN,255000,false,Amerijet International
CGCJS,75F,W8,0,CIVILIAN,255000,false,Cargojet Airways
N453UP,75F,5X,0,CIVILIAN,255000,false,UPS Cargo
TCLJR,77F,TK,0,CIVILIAN,260815,false,Turkish Airlines Cargo
XAVLW,321,Y4,230,CIVILIAN,77800,false,Volaris
A7BFA,77F,QR,0,CIVILIAN,260815,false,Qatar Cargo
9HAML,32A,VB,180,CIVILIAN,66000,true,Viva Aerobus
XAVLY,321,Y4,230,CIVILIAN,77800,false,Volaris
N454UP,75F,5X,0,CIVILIAN,255000,false,UPS Cargo
CGYAJ,764,W8,250,CIVILIAN,204116,false,Cargojet Airways
N888FD,77F,FX,0,CIVILIAN,766800,false,Fedex
N385UP,76W,5X,274,CIVILIAN,124737,false,UPS Cargo
A7BFJ,77F,QR,0,CIVILIAN,260815,false,Qatar Cargo
9HSWA,32A,VB,180,CIVILIAN,64500,true,Viva Aerobus
PRABD,76Y,M3,0,CIVILIAN,145149,false,ABSA
XAVLJ,321,Y4,230,CIVILIAN,77800,false,Volaris
HI1078,7M8,DM,174,CIVILIAN,69309,false,Arajet
HP1831,73H,CM,160,CIVILIAN,66400,true,Copa Airlines
A6EFL,77F,EK,0,CIVILIAN,766800,false,Emirates Cargo
XAVLU,321,Y4,230,CIVILIAN,77800,false,Volaris
HI1026,7M8,DM,178,CIVILIAN,69309,false,Arajet
XAVUQ,32Q,Y4,199,CIVILIAN,213800,false,Copa Airlines
XAVOW,320,Y4,174,CIVILIAN,66000,false,Volaris
XAVIX,32N,VB,186,CIVILIAN,66300,true,Viva Aerobus
N825AM,738,AM,160,CIVILIAN,65317,false,Aeroméxico
XAVLK,320,Y4,179,CIVILIAN,66000,false,Volaris
XAVBI,321,VB,220,CIVILIAN,77800,true,Viva Aerobus
N342AM,738,AM,160,CIVILIAN,65317,false,Aeroméxico
XAVLL,320,Y4,179,CIVILIAN,66000,false,Volaris
XAVBJ,321,VB,220,CIVILIAN,77800,true,Viva Aerobus
N713CK,74Y,K4,0,CIVILIAN,910000,false,Kalitta Air
N845AM,738,AM,160,CIVILIAN,65317,false,Aeroméxico
BLJG,748,CX,365,CIVILIAN,447700,false,Cathay Pacific Cargo
XAVLM,320,Y4,179,CIVILIAN,66000,false,Volaris
XAVBN,321,VB,220,CIVILIAN,77800,true,Viva Aerobus
XAVSU,32Q,Y4,199,CIVILIAN,213800,false,Volaris
XAVLN,320,Y4,179,CIVILIAN,66000,false,Volaris
XAVBP,321,VB,220,CIVILIAN,77800,true,Viva Aerobus
N950AM,738,AM,160,CIVILIAN,65317,false,Aeroméxico
DALFF,77F,LH,0,CIVILIAN,766800,false,Lufthansa Cargo
XAVLO,320,Y4,179,CIVILIAN,66000,false,Volaris
XAVBQ,321,VB,220,CIVILIAN,77800,true,Viva Aerobus
N875AM,738,AM,160,CIVILIAN,65317,false,Aeroméxico
N536LA,76F,LA,0,CIVILIAN,147871,false,Latam Cargo
LXMCL,74N,CV,0,CIVILIAN,447700,false,Cargolux Airlines International
XAVSD,32N,Y4,186,CIVILIAN,67400,false,Volaris
XAVUU,32N,Y4,194,CIVILIAN,79000,false,Volaris
XAVLB,320,Y4,180,CIVILIAN,66000,false,Volaris
XAVBT,321,VB,220,CIVILIAN,77800,true,Viva Aerobus
N958AM,738,AM,160,CIVILIAN,65317,false,Aeroméxico
XAVLC,320,Y4,180,CIVILIAN,66000,false,Volaris
N957AM,738,AM,160,CIVILIAN,65317,false,Aeroméxico
FGUOC,77F,AF,0,CIVILIAN,766800,false,Air France Cargo
LXKCL,74Y,CV,0,CIVILIAN,910000,false,Cargolux Airlines International
4KBCV,74N,7L,0,CIVILIAN,447700,false,Silk Way West Airlines cargo
XAVBV,321,VB,220,CIVILIAN,77800,true,Viva Aerobus
YV2911,E90,V0,99,CIVILIAN,43000,false,Conviasa
XAADT,738,AM,160,CIVILIAN,65317,false,Aeroméxico
A7BFD,77F,QR,0,CIVILIAN,260815,false,Qatar Cargo
XAVLD,320,Y4,180,CIVILIAN,66000,false,Volaris
XAVBW,321,VB,220,CIVILIAN,77800,true,Viva Aerobus
XAADU,738,AM,160,CIVILIAN,65317,false,Aeroméxico
B2027,77F,CZ,0,CIVILIAN,766800,false,China Southern Airlines Cargo
XAVFK,737,SM,115,CIVILIAN,52390,false,TSM Airlines
XAVLE,320,Y4,180,CIVILIAN,66000,false,Volaris
XAVBA,32Q,VB,240,CIVILIAN,77300,true,Viva Aerobus
XAAMB,738,AM,160,CIVILIAN,65317,false,Aeroméxico
A7BFE,77F,QR,0,CIVILIAN,260815,false,Qatar Cargo
N334UP,76F,5X,0,CIVILIAN,147871,true,UPS Cargo
XAVLF,320,Y4,180,CIVILIAN,66000,false,Volaris
XAVBB,32Q,VB,240,CIVILIAN,77300,true,Viva Aerobus
XAAMA,738,AM,160,CIVILIAN,65317,false,Aeroméxico
CGAAJ,76W,W8,274,CIVILIAN,124737,true,Cargojet Airways
XARFE,CES,ZV,,CIVILIAN,,false,AERUS
N439GT,74Y,5Y,0,CIVILIAN,910000,false,Atlas Air Cargo
XARFD,CES,ZV,,CIVILIAN,,false,AERUS Eurus Aviation
A7BFF,77F,QR,0,CIVILIAN,260815,false,Qatar Cargo
XAVLQ,320,Y4,180,CIVILIAN,66000,false,Volaris
XAVBH,32Q,VB,240,CIVILIAN,77300,true,Viva Aerobus
LXRCV,74Y,CV,0,CIVILIAN,910000,false,Cargolux Airlines International
XAVLR,320,Y4,180,CIVILIAN,66000,false,Volaris
XAAMC,738,AM,160,CIVILIAN,65317,false,Aeroméxico
XAVLS,320,Y4,180,CIVILIAN,66000,false,Volaris
XAVBM,32Q,VB,240,CIVILIAN,77300,true,Viva Aerobus
YV3554,346,V0,380,CIVILIAN,840000,false,Conviasa
XAAMK,738,AM,160,CIVILIAN,65317,false,Aeroméxico
HP1844,73H,CM,189,CIVILIAN,66400,true,Copa Airlines
DALFI,77F,LH,0,CIVILIAN,766800,false,Lufthansa Cargo
DALFD,77F,LH,0,CIVILIAN,766800,false,Lufthansa Cargo
N702CK,74Y,K4,0,CIVILIAN,910000,false,Kalitta Air
XAVLX,320,Y4,180,CIVILIAN,66000,false,Volaris
XAVBR,32Q,VB,240,CIVILIAN,77300,true,Viva Aerobus
N615FE,M11,FX,,CIVILIAN,195044,false,Fedex
XAAME,738,AM,160,CIVILIAN,65317,false,Aeroméxico
N919CA,74Y,N8,0,CIVILIAN,910000,false,National Airlines Cargo
CFOIJ,762,W8,274,CIVILIAN,124737,false,Cargojet Airways
XAVOY,320,Y4,180,CIVILIAN,66000,false,Volaris
XAVBS,32Q,VB,240,CIVILIAN,77300,true,Viva Aerobus
N863GT,74Y,5Y,0,CIVILIAN,910000,false,Atlas Air Cargo
XAAMM,738,AM,160,CIVILIAN,65317,false,Aeroméxico
XAVOZ,320,Y4,180,CIVILIAN,66000,false,Volaris
XAVBX,32Q,VB,240,CIVILIAN,77300,true,Viva Aerobus
N460UP,75F,5X,0,CIVILIAN,255000,false,UPS Cargo
XAAML,738,AM,160,CIVILIAN,65317,false,Aeroméxico
BLJM,74N,CX,0,CIVILIAN,447700,false,Cathay Pacific Cargo
XAVBK,32Q,VB,240,CIVILIAN,77300,true,Viva Aerobus
XAVDJ,320,VB,165,CIVILIAN,78000,false,Viva Aerobus
XAVRA,320,Y4,180,CIVILIAN,66000,false,Volaris
N340UP,76F,5X,0,CIVILIAN,147871,true,UPS Cargo
XAMIA,738,AM,160,CIVILIAN,65317,false,Aeroméxico
N446MC,74Y,5Y,0,CIVILIAN,910000,false,Atlas Air Cargo
A7BFC,77F,QR,0,CIVILIAN,260815,false,Qatar Cargo
N369UP,76F,5X,0,CIVILIAN,147871,true,UPS Cargo
9HSWD,32A,VB,180,CIVILIAN,64500,true,Viva Aerobus
N304UP,76F,5X,0,CIVILIAN,147871,true,UPS Cargo
XAVLP,320,Y4,186,CIVILIAN,66000,false,Volaris
XAAMW,738,AM,160,CIVILIAN,66360,false,Aeroméxico
HP1522WWP,73K,WH,189,CIVILIAN,66350,false,La Nueva Aerolinea (Copa Airlines Cargo)
LXVCI,74N,CV,0,CIVILIAN,447700,false,Cargolux Airlines International
XAVXO,32Q,VB,240,CIVILIAN,77300,true,Viva Aerobus
XAVRD,32N,Y4,186,CIVILIAN,67400,false,Volaris
HP1851,73H,CM,166,CIVILIAN,66400,true,Copa Airlines
XAAMN,738,AM,160,CIVILIAN,65317,false,Aeroméxico
N890FD,77F,FX,0,CIVILIAN,766800,false,Fedex
XAVRE,32N,Y4,186,CIVILIAN,67400,false,Volaris
N585FE,M11,FX,,CIVILIAN,195044,false,Fedex
XADRI,73S,AM,124,CIVILIAN,58059,false,Aeroméxico
N326UP,76F,5X,0,CIVILIAN,147871,true,UPS Cargo
TCLJP,77F,TK,0,CIVILIAN,260815,false,Turkish Airlines Cargo
XAVRF,32N,Y4,186,CIVILIAN,67400,false,Volaris
N458UP,75F,5X,0,CIVILIAN,255000,false,UPS Cargo
XADRD,73S,AM,124,CIVILIAN,58059,false,Aeroméxico
A7BFI,77F,QR,0,CIVILIAN,260815,false,Qatar Cargo
XAZAM,738,AM,160,CIVILIAN,65317,false,Aeroméxico
CCDBP,320,VB,165,CIVILIAN,78000,false,Viva Aerobus
XAVAW,320,VB,186,CIVILIAN,64500,true,Viva Aerobus
XAVAX,32A,VB,180,CIVILIAN,64500,true,Viva Aerobus
XAVAY,32A,VB,186,CIVILIAN,64500,true,Viva Aerobus
XAVIA,32N,VB,186,CIVILIAN,66300,true,Viva Aerobus
XAVSZ,32N,Y4,186,CIVILIAN,67400,false,Volaris
XAVSF,32N,Y4,186,CIVILIAN,67400,false,Volaris
XAVIB,32N,VB,186,CIVILIAN,66300,true,Viva Aerobus
N515VL,320,Y4,180,CIVILIAN,66000,false,Volaris
XADAH,73H,AM,172,CIVILIAN,69308,false,Aeroméxico
ETAPU,77F,,0,CIVILIAN,766800,false,Ethiopian Airlines
A6EFI,77F,EK,0,CIVILIAN,766800,false,Emirates Cargo
BLJJ,74N,CX,0,CIVILIAN,447700,false,Cathay Pacific Cargo
XAVIE,32N,VB,186,CIVILIAN,66300,true,Viva Aerobus
N432AX,76X,M6,290,CIVILIAN,134078,false,Amerijet International
CFPCA,763,AC,282,CIVILIAN,187000,false,Air Canada Cargo
N384UP,763,5X,282,CIVILIAN,187000,false,UPS Cargo
N710CK,74Y,K4,0,CIVILIAN,910000,false,Kalitta Air
CCDBF,32N,VB,194,CIVILIAN,79000,false,Viva Aerobus
HP1534,73H,CM,160,CIVILIAN,66400,true,Copa Airlines
HP1721,73H,CM,166,CIVILIAN,66400,true,Copa Airlines
XAVIF,32N,VB,186,CIVILIAN,66300,true,Viva Aerobus
XADAJ,73H,AM,172,CIVILIAN,69308,false,Aeroméxico
B2026,77F,CZ,0,CIVILIAN,766800,false,China Southern Airlines Cargo
XAVIH,32N,VB,186,CIVILIAN,66300,true,Viva Aerobus
XADAI,73H,AM,172,CIVILIAN,69308,false,Aeroméxico
TCLJT,77F,TK,0,CIVILIAN,260815,false,Turkish Airlines Cargo
XAVVF,32N,Y4,194,CIVILIAN,79000,false,Volaris
XAVII,32N,VB,186,CIVILIAN,66300,true,Viva Aerobus
XADAO,73H,AM,172,CIVILIAN,69308,false,Aeroméxico
N211RH,M11,MD,,CIVILIAN,195044,false,McNeely Charter Services
XADAL,73H,AM,172,CIVILIAN,69308,false,Aeroméxico
XAMXC,E95,XN,124,CIVILIAN,45000,false,Mexicana
XAPFL,ER4,YQ,50,CIVILIAN,19300,false,TAR
N667DN,75W,DL,160,CIVILIAN,70080,true,Delta Airlines
N652DL,75W,DL,160,CIVILIAN,70080,false,Delta Airlines
HP1849,73H,CM,160,CIVILIAN,66400,true,Copa Airlines
XAVIJ,32N,VB,186,CIVILIAN,66300,true,Viva Aerobus
XADAQ,73H,AM,172,CIVILIAN,69308,false,Aeroméxico
N543US,75W,DL,160,CIVILIAN,70080,false,Delta Airlines
LXLCL,744,CV,500,CIVILIAN,396893,false,Cargolux Airlines International
XAVIK,32N,VB,186,CIVILIAN,66300,true,Viva Aerobus
XADAP,73H,AM,172,CIVILIAN,69308,false,Aeroméxico
N659DL,75W,DL,160,CIVILIAN,70080,true,Delta Airlines
HP1726,73H,CM,160,CIVILIAN,66400,true,Copa Airlines
HP1722,73H,CM,166,CIVILIAN,66400,true,Copa Airlines
HP1725,73H,CM,160,CIVILIAN,66400,true,Copa Airlines
B2073,77F,CZ,0,CIVILIAN,766800,false,China Southern Airlines Cargo
N409UP,75F,5X,0,CIVILIAN,255000,false,UPS Cargo
XAGQS,73K,AM,189,CIVILIAN,66350,false,Aeromexico Connect
XAVIL,32N,VB,186,CIVILIAN,66300,true,Viva Aerobus
XAMFM,73H,AM,172,CIVILIAN,69308,false,Aeroméxico
XAVIM,32N,VB,186,CIVILIAN,66300,true,Viva Aerobus
XADAT,73H,AM,172,CIVILIAN,69308,false,Aeroméxico
XAVIN,32N,VB,186,CIVILIAN,66300,true,Viva Aerobus
XAMFN,73H,AM,172,CIVILIAN,69308,false,Aeroméxico
XAVSN,32N,Y4,186,CIVILIAN,67400,false,Volaris
CFPIJ,76Y,W8,299,CIVILIAN,145149,false,Cargojet Airways
BLJI,74N,CX,0,CIVILIAN,447700,false,Cathay Pacific Cargo
XAVIO,32N,VB,186,CIVILIAN,66300,true,Viva Aerobus
XAUYR,AB3,6R,,CIVILIAN,140000,false,Aerounion Cargo
XAVIQ,32N,VB,186,CIVILIAN,66300,true,Viva Aerobus
XAVGQ,ER4,YQ,50,CIVILIAN,19300,false,TAR
EIGZA,73H,AM,172,CIVILIAN,69308,false,Aeroméxico
XAVSY,32Q,Y4,199,CIVILIAN,213800,false,Volaris
XAVIR,32N,VB,186,CIVILIAN,66300,true,Viva Aerobus
N466UP,75F,5X,0,CIVILIAN,255000,false,UPS Cargo
XAMJI,73H,AM,172,CIVILIAN,69308,false,Aeroméxico
N861GT,74N,5Y,0,CIVILIAN,447700,false,Atlas Air Cargo
A6EFM,77F,EK,0,CIVILIAN,766800,false,Emirates Cargo
N368AM,73K,AM,189,CIVILIAN,66350,false,Aeromexico Connect
XAVIS,32N,VB,186,CIVILIAN,66300,true,Viva Aerobus
EIGZC,73H,AM,172,CIVILIAN,69308,false,Aeroméxico
XAVIT,32N,VB,186,CIVILIAN,66300,true,Viva Aerobus
EIGZB,73H,AM,172,CIVILIAN,69308,false,Aeroméxico
BLJK,74N,CX,0,CIVILIAN,447700,false,Cathay Pacific Cargo
XAVGX,CR2,SM,50,CIVILIAN,20000,false,TSM Airlines
EIGZE,73H,AM,172,CIVILIAN,69308,false,Aeroméxico
B223N,77F,CZ,0,CIVILIAN,766800,false,China Southern Airlines Cargo
N396CK,F20,K9,9,CIVILIAN,12392,false,Kalitta Air
A7BFO,77F,QR,0,CIVILIAN,260815,false,Qatar Cargo
XAGNS,73H,AM,172,CIVILIAN,69308,false,Aeroméxico
XAVIU,32N,VB,186,CIVILIAN,66300,true,Viva Aerobus
XAVXB,32Q,VB,240,CIVILIAN,77300,true,Viva Aerobus
XAVON,320,Y4,174,CIVILIAN,66000,false,Volaris
XAVIV,32N,VB,186,CIVILIAN,66300,true,Viva Aerobus
XADRC,738,AM,160,CIVILIAN,65317,false,Aeroméxico
ETAWE,77F,ET,0,CIVILIAN,766800,false,Ethiopian Airlines
XAVOV,320,Y4,174,CIVILIAN,66000,false,Volaris
XAVIW,32N,VB,186,CIVILIAN,66300,true,Viva Aerobus
XADRA,738,AM,160,CIVILIAN,65317,false,Aeroméxico
